idea name,score,explainer
Custom automation & internal tools for companies ðŸš€,9.99,"Free: 200+ web tools (watermarkers downloaders). Paid: Custom internal tools $5000+/month. B2B SaaS with clear ROI; integration moat; data flywheel; high switching costs"
Synthetic Training Data Marketplace,9.90,"Free: Sample datasets. Paid: Enterprise custom generation $50k+/month. Defensible network effects; AI companies must buy; quality pipelines create virtuous cycle"
AI Content Moderation API,9.85,"Free: 10k API calls/month. Paid: Enterprise compliance $10k+/month. Regulatory necessity; platform dependency; scalable; trust moat"
AI-Generated 3D Game Assets,9.80,"Free: 50k+ assets. Paid: Commercial licenses $2000+/month. Gaming market scale; marketplace network effects; Unreal/Unity integration"
AI Code Security Auditing Platform,9.75,"Free: OSS scanning. Paid: Enterprise dashboard $3000+/month. Critical infrastructure; trust-based moat; insurance implications; devtool integration"
AI Personalized School Curriculum,9.70,"Free: Parent version. Paid: District license $100k+/year. B2B edtech; regulatory moat; student data; free drives district sales"
AI Customer Support Automation,9.65,"Free: Basic bot. Paid: Enterprise CRM integration $2000+/month. Clear cost savings; competitive but huge TAM; workflow moat"
STEM learning games ðŸš€,9.60,"Free: All STEM/math/language games. Paid: Teacher license $15/month. Bundles user ideas; freemium scale; curriculum alignment; app store commissions"
Math learning games ðŸš€,9.60,"Free: All STEM/math/language games. Paid: Teacher license $15/month. Bundles user ideas; freemium scale; curriculum alignment; app store commissions"
Language learning games ðŸš€,9.60,"Free: All STEM/math/language games. Paid: Teacher license $15/month. Bundles user ideas; freemium scale; curriculum alignment; app store commissions"
General learning games ðŸš€,9.60,"Free: All STEM/math/language games. Paid: Teacher license $15/month. Bundles user ideas; freemium scale; curriculum alignment; app store commissions"
AI Market Research Platform,9.55,"Free: Trend reports. Paid: Custom research $25k+/project. Proprietary data sources; enterprise value; defensible through unique aggregation"
AI SEO/Content Marketing Suite,9.50,"Free: Basic tools. Paid: Agency plan $500/month. Clear ROI; tool integration; crowded but large market; 99% free drives 1% conversion"
"3D printing files across niches (e.g., 28mm biopunk) ðŸš€",9.45,"Free: 50k+ STLs (28mm biopunk etc). Paid: Edu $10/month Commercial $50/license. Amazon printer/filament affiliate; banner ads; niche curation moat"
AI Legal Document Generator,9.40,"Free: Templates. Paid: Custom $150/doc. Bar association partnerships; trust moat; accuracy critical for adoption"
"Printable activities (coloring pages, mazes, sudoku) ðŸš€",9.35,"Free: 100k+ pages/mazes/sudoku. Paid: Teacher Patreon $10/month. Art supply affiliate; volume play; curriculum standards compliance"
AI Stock Trading Algorithm Platform,9.30,"Free: Backtesting. Paid: 20% profit share. Performance-based; free tier critical; regulatory risk; high value if alpha persists"
AI Architectural Design Generator,9.25,"Free: Concept renders. Paid: Commercial license $5000/project. High ticket B2B; building code AI integration; compelling for firms"
AI Adult Content Platform,9.20,"Free: Watermarked HD. Paid: Premium $30/month. Massive TAM; low production cost; subscription+tips; high legal/regulatory risk ðŸ”ž"
AI Personalized Fitness/Nutrition,9.15,"Free: Basic plans. Paid: Coaching sync $40/month. Device integration; data moat; crowded B2C market requires differentiation"
Children's books for language learning ðŸš€,9.10,"Free: Digital books. Paid: Print $7/book + language packs $20/month. Line-by-line translation clever; library model; quality must match Potter/Goosebumps"
"Print-on-demand graphics (t-shirts, stickers, etc.) ðŸš€",9.05,"Free: 100k+ designs. Paid: Platform premium placement. Saturated market but AI scale wins; 1% is 30% take rate + placement fees"
AI Synthetic Voice Service,9.00,"Free: Personal use. Paid: Commercial $200/month. Rapid commoditization; IP consent framework; quality differentiation window closing"
Ambient music for sleep & relaxation ðŸš€,8.95,"Free: Streams/downloads. Paid: Commercial $15/month. Oversaturated; YouTube Content ID monetization; low differentiation; scale challenge"
AI Social Media Management Platform,8.80,"Free: Content generation. Paid: Analytics $100/month. API risk from platforms; crowded market; commodity service"
AI Financial Planning Tools,8.75,"Free: Basic advice. Paid: Advisor connect $75/month. Regulatory barriers; trust deficit; liability concerns in post-AI world"
AI Mental Health Chatbot,8.70,"Free: Chatbot sessions. Paid: Human-AI hybrid $200/week. Ethics minefield; liability; licensing; free drives controversial press not revenue"
AI Film/TV Production Suite,8.65,"Free: Rendering tools. Paid: Distribution $500/project. Copyright chaos; union friction; discovery window rapidly closing as models improve"
AI Video Game Creation Platform,8.60,"Free: Creation tools. Paid: 25% revenue share. Roblox competitor; discovery problem; creation commoditized eliminates moat"
