Number,Idea,Score,Free_Value_Prop,Paid_Value_Prop,Why_This_Score,LLM_Source
1,AI-Powered Agency-in-a-Box,9.8,Free SEO/content audit tool + 3 AI-generated topic ideas.,"$3k-8k/mo retainer for 15+ fully edited, human-verified, and optimized articles, including strategy.","1 evals

Gemini: 9.8
This is a high-margin service, not SaaS. The AI 10x's the agency's internal efficiency (COGS) while the human-in-the-loop (editor, strategist) commands a premium for trust and accountability. LTV is massive ($36k-96k/yr), justifying a high CAC.",Consolidated from: Gemini
2,AI Compliance Copilot (B2B),9.5,Free scanner for 10 docs/mo; flags potential GDPR/HIPAA/SOX issues.,"$5k+/mo: Full workflow integration (Jira, Slack), real-time monitoring, auditable logs, and updates for new regulations.","1 evals

Gemini: 9.5
This is a ""must-have"" B2B tool, not a ""nice-to-have."" The market for AI in compliance is $3.6B+ and growing 29%. LTV is massive ($100k+), and the free tool is a perfect lead magnet for C-suite buyers who fear risk.",Consolidated from: Gemini
3,Hyper-Vertical AI Copilot (e.g. Insurance Adjusters),9.5,Free tool to summarize 1 claim file (<5 pages).,"$99/mo/seat for unlimited summaries, state-specific compliance form-filling, and cross-referencing policy language.","1 evals

Gemini: 9.5
This is a classic B2B SaaS workflow play. The moat is not the AI model but the proprietary, curated dataset of (boring) state regulations and policy data. The market is unsexy, non-saturated, and has high switching costs once integrated.",Consolidated from: Gemini
4,AI Clinical Documentation & Compliance Co-Pilot,9.4,"Free web tool that turns short visit summaries into draft SOAP/insurance notes, limited to e.g. 20 notes/month and no EHR integration.","$150â€“$300/clinician/month for unlimited notes, EHR integration, team admin, audit trails, and specialty-tuned models (mental health, PT, primary care).","1 evals

ChatGPT: 9.4
Solo clinicians and group practices already pay hundreds per month for scribing and billing tools; medtech CACs around a few hundred dollars can support ACVs in the $2â€“3k range, giving <12-month payback and 80%+ gross margin on AI-generated notes. Existing AI scribe players prove willingness to pay; moat comes from workflow integration + accumulated labeled note data in regulated environments that competitors can't easily copy. Biggest risk: HIPAA / regulatory overhead and incumbents bundling similar features into existing EHRs, but this still has a very clean path to $10M+ ARR with a few thousand seats.",Consolidated from: ChatGPT
5,AI Compliance Copilot for SMBs (HR + Security Policies),9.3,"Free policy templates, basic risk checklists, and limited AI-generated docs (e.g., 3 policies/month) plugged into Google Docs/Slack.","Full GRC workspace: continuous evidence collection from HRIS/SSO/tools, mapped controls (SOC2/ISO/HIPAA), audit pack generation, multi-entity support, and access to human compliance reviewers.","1 evals

ChatGPT: 9.3
Governance/compliance software is a $50B+ market growing ~10â€“15% annually, with AI-first platforms like Vanta already valued >$4B. With ACVs of $15â€“50k and sales-led motion, $10M ARR only needs 200â€“500 customers; CAC is high but justified by must-have regulatory spend and painful switching, so LTV/CAC can easily exceed 5:1. Biggest risks: crowded space and incumbents (Vanta, Secureframe, HR suites) bundling similar AI features.",Consolidated from: ChatGPT
6,AI Teacher Co-Pilot for Lesson Planning & Grading,9.2,"Free browser tool where any teacher can generate lesson plans, quizzes, and rubrics from standards, capped usage and manual export.","District / school plans at ~$10â€“$20/teacher/month with LMS integration, auto-rostered classes, bulk grading, and admin analytics.","1 evals

ChatGPT: 9.2
There are ~3.2â€“4.0M K-12 teachers in the US and ~90M+ globally; even 50k paying teachers at $150/year is $7.5M ARR, with upside from district-wide deals. Education SaaS CACs are high at the institution level (~$800â€“$1,100), but bottom-up teacher adoption plus AI-training initiatives (AFT + OpenAI/Microsoft funding) show strong pull for productivity tools that save hours/week. Risk: brutal procurement cycles and giant platforms (Google Classroom, Microsoft, textbook publishers) bundling their own copilots, but the TAM and clear willingness to pay justify a near-top score.",Consolidated from: ChatGPT
7,AI-Powered Trust & Safety Moderation Service,9.2,"10,000 free API calls/mo for basic text profanity filtering.","Enterprise pricing for real-time video/audio/image moderation (CSAM, hate speech) with a human-in-the-loop review guarantee.","1 evals

Gemini: 9.2
This solves a second-order effect of AI (infinite content = infinite spam/abuse). It's a B2B API with a strong data flywheel (new edge cases improve the model). The market is exploding, and legal/brand liability creates a non-negotiable budget for it.",Consolidated from: Gemini
8,AI Medical Coding Service,9.2,Free accuracy audit,$2-5k/mo full service,"1 evals

Claude: 9.2
273,000 medical practices in US. Clear ROI (saves $50k+/year in coding errors). Human verification creates regulatory moat. CAC ~$3k sustainable with $60k LTV.",Consolidated from: Claude
9,AI Customer Support QA/Coaching Platform,9.2,"Analyze 100 tickets/month, basic sentiment scoring","$199/seat/month: Real-time agent coaching, QA automation, escalation prediction","1 evals

Kimi: 9.2
LTV $4,800 (3% MoM churn), CAC $250 via outbound, clear 5x ROI from handle time reduction. Network effects: ticket data improves model for all customers. Attaches to critical workflow = high switching cost. Market: $9B CCaaS space. Risk: Zendesk/Intercom copy feature.",Consolidated from: Kimi
10,AI IEP & Special Education Documentation Assistant,9.0,"Free IEP drafting sandbox for a small caseload, best-practice goal banks, and basic service-minute trackers teachers can use solo.","District-level SaaS: SIS integration, automated IEP drafts aligned to local regs, workload dashboards, audit trails, and human legal review as an add-on.","1 evals

ChatGPT: 9.0
Special ed software is a multi-billion market growing ~11â€“13% annually, and teachers routinely spend 10â€“20 unpaid hours/week on paperwork. If you charge districts ~$30k/year and close 400 in 3 years (out of tens of thousands in the U.S. alone), you clear $12M ARR with strong retention because IEP workflows become mission-critical. Risk: long K-12 sales cycles and entrenched vendors, but regulatory complexity plus AI drafting tuned on local case law is a real moat.",Consolidated from: ChatGPT
11,AI Data Labeling Marketplace w/ Human-in-Loop,9.0,"100 labels/month, public dataset access","$0.05/label enterprise: 98% accuracy SLA, custom schemas, API integration","1 evals

Kimi: 9.0
Scale AI charges $0.10-0.20/label. Your AI reduces cost 4x, human verification creates trust moat. LTV $15k+ (5% MoM churn), CAC $400 from ML teams. Data flywheel: more labels â†’ better AI â†’ more customers. Market: $7B and growing 30% YoY.",Consolidated from: Kimi
12,AI Compliance Doc Generator for Startups,8.8,"Free SOC2 Type I template, one-time generation","$299/mo: Continuous monitoring, auditor intros, evidence auto-collection","1 evals

Kimi: 8.8
Consultants charge $30k-60k for SOC2. AI reduces to $299/mo = 100x cost disruption. LTV $9k (70% annual retention), CAC $180 via YC/Stripe Atlas partnerships. Regulatory moat: becomes audit standard. Market: $2B compliance SaaS. Risk: Vanta/Drata already funded.",Consolidated from: Kimi
13,AI-Powered Personalized Compliance Automation for Regulated Industries,8.7,Free basic compliance audits and templates for small businesses,$5k-50k custom workflows with human legal review and ongoing updates,"1 evals

Grok: 8.7
$50B+ compliance market growing 10% CAGR; CAC ~$500 via content marketing, LTV $20k+ with 70% retention; key risk is regulatory changes but data moat from audits provides edge over Zapier competitors.",Consolidated from: Grok
14,AI-Powered RFP/Grant Writer for Nonprofits,8.7,Free template library + 3 AI drafts/mo,$299/mo unlimited + team collaboration + grant database,"1 evals

Kimi: 8.7
$0 CAC via IRS 990 data scraping. LTV $8,970 (30-mo retention). 10x cost reduction vs $3k/consultant. Moat: proprietary grant success data. Risk: 501(c)(3) budget cycles are slow.",Consolidated from: Kimi
15,Compliance-as-a-Service for AI Startups,8.7,"Free AI Act calculator, compliance checklists",$20k-150k full compliance packages + ongoing monitoring,"1 evals

Claude: 8.7
Regulatory tsunami incoming. High-ticket B2B, sticky once embedded (switching = re-audit). Main risk: Big 4 consultancies wake up.",Consolidated from: Claude
16,AI Grants & Compliance Navigator for Schools & Nonprofits,8.6,"Free tools that answer ""am I eligible for this grant/regulation?"" and generate first-draft checklists and proposal outlines.","$200â€“$600/mo/org SaaS for multi-user workflow, deadline tracking, compliance evidence storage, plus optional human review network priced per engagement.","1 evals

ChatGPT: 8.6
K-12, higher ed, and nonprofits collectively chase hundreds of billions in grant funding; even a small wedge of that justifies $10M+ ARR for software that increases win rates or reduces compliance risk. Education/nonprofit B2B CACs are high but ACVs here can easily be $3â€“10k with multi-site rollouts, giving a healthy LTV:CAC if you actually help them win money. Key risks: long sales cycles, politics, and potential crowding-out by large consultancies bundling AI-assisted services, but the workflow + data moat is real if executed well.",Consolidated from: ChatGPT
17,AI Code Security & Audit (B2B),8.5,Free GitHub plugin; scans public repos for 10 common AI-generated vulnerabilities.,"$49/dev/mo: Private repo scanning, automated PR fixes, and a ""human-in-the-loop"" security expert review.","1 evals

Gemini: 8.5
AI generates code, but it also generates *bugs* and *vulnerabilities*. This sells risk mitigation, not code. The market for dev tools is $7.5B+. CAC is low (GitHub marketplace), and LTV is high as it scales with company size.",Consolidated from: Gemini
18,AI-Enabled Fact-Checking-as-a-Service,8.5,Free Chrome extension to scan 5 articles/mo for public claims.,"$5k/mo B2B retainer for PR/Legal teams for real-time brand monitoring, misinformation alerts, and human-verified correction reports.","1 evals

Gemini: 8.5
This is a high-margin B2B service focused on brand/legal protection. The AI does 90% of the (low-value) scraping/analysis, while a human expert provides the (high-value) verification that a General Counsel will pay for.",Consolidated from: Gemini
19,AI Code Review & Security Audit Service,8.5,"Public repo scanning, 3 vuln reports/month","$199/repo/month: Private repo deep scans, PR blocking, compliance reports (SOC2/ISO)","1 evals

Kimi: 8.5
Devs hate security busywork. LTV $2,400 (8% MoM churn), CAC $120 via GitHub Marketplace. Network effects: every vulnerability reported improves model. Market: $4B DevSecOps. Risk: GitHub Copilot X will add this. Mitigation: Focus on compliance layer.",Consolidated from: Kimi
20,Synthetic Data Marketplace for AI Compliance Testing,8.4,Free 1M row sample datasets (GDPR/CCPA compliant),$500/mo API access + custom schema generation $5k,"1 evals

Kimi: 8.4
B2B play. CAC $180 (LinkedIn), LTV $24k (40-mo). Regulatory moat: SOC 2 Type II + GDPR certification costs $60kâ€”barrier to entry. Market: $2B+ AI compliance spend.",Consolidated from: Kimi
21,AI Contract Analysis for SMBs,8.4,Free contract risk score,$500-2,"1 evals

30M+ SMBs need this. Higher margins than pure legal services. Human lawyer layer prevents liability issues. Recurring revenue from retainers possible.: 8.4
500 per contract review",Consolidated from: 30M+ SMBs need this. Higher margins than pure legal services. Human lawyer layer prevents liability issues. Recurring revenue from retainers possible.
22,AI Incident Escalation Summarizer for DevOps Teams,8.1,Free 50 summaries/mo (Slack integration),$49/user/mo + $10k on-prem license,"1 evals

Kimi: 8.1
Freemium model. CAC $22 (Product Hunt + dev community), LTV $1,176 (24-mo retention). Hooks into PagerDuty/DataDog APIsâ€”high switching cost. 60% margin. Risk: Datadog launches competing feature.",Consolidated from: Kimi
23,Verified AI Data Service (B2B),7.9,"Library of 100 free, common, ""good enough"" datasets for hobbyists.","$50k+ custom service: Human-verified, niche-specific data generation & annotation for enterprise AI models (e.g., medical, legal).","1 evals

Gemini: 7.9
AI's bottleneck isn't generation; it's *quality* and *verification*. This is a B2B service that sells ""trust"" and ""accuracy"" for high-stakes models. It's a high-margin service, not a product, but it's a real business.",Consolidated from: Gemini
24,AI Growth OS for Etsy & POD Sellers,7.9,"Free dashboard that audits a limited number of listings across Etsy/Shopify/Printful, suggesting SEO tweaks and new design ideas using AI.","$29â€“$99/mo for unlimited listings, automated A/B testing, pricing optimization, and integrations that auto-launch new designs to POD catalogs.","1 evals

ChatGPT: 7.9
There are hundreds of thousands of Etsy and POD sellers; even 20k subscribers at $50/mo is $12M ARR, and e-commerce CACs are relatively low compared to other B2B segments. AI gives a 10Ã— edge in content generation and analysis, but the moat is thin because marketplaces themselves (Etsy, Printful) can ship similar tooling and creators are famously churn-heavy and price-sensitive, keeping this out of the top tier.",Consolidated from: ChatGPT
25,B2B AI Analytics Dashboard for E-commerce,7.9,Free basic sales metrics and reports integrated with Shopify,$99/mo advanced predictive analytics,"1 evals

 and custom integrations: 7.9
 automation",Consolidated from:  and custom integrations
26,AI-Generated Legal Contract Playbooks (for Startups),7.9,Free NDAs + basic templates (Y Combinator style),$199/mo investor-ready pack + cap table tools + state-specific filings,"1 evals

Kimi: 7.9
CAC $45 (startup founder communities), LTV $2,388 (12-mo avg). Moat: Clerk integration, Stripe Atlas partnership. Market: 50k new startups/yr in US. Churn 15% after fundraise. Platform risk: Clerky has similar free tier.",Consolidated from: Kimi
27,Patent Prior Art Search Service,7.8,Free basic patent check,$1-5k comprehensive search,"1 evals

Claude: 7.8
300k+ patent applications yearly. Current searches cost $10-50k. AI cuts cost 90% while human verification maintains quality. Niche but profitable.",Consolidated from: Claude
28,ðŸš€ Custom Automation & Internal Tools,7.6,"200+ free Zapier templates, calculators | 200+ free web tools (calculators, converters, CRM helpers) | 200+ free web tools (calculators, converters, etc.) | 200+ free web tools (calculators, converters, text tools) that capture high-intent leads. | 200+ free web tools for basic automation | 200+ free workflow templates | 200+ free, single-task web tools (e.g., ""CSV to JSON"") that capture high-intent leads. | Free automation playbooks, public library of prebuilt Zapier/Make/LLM workflows and ""diagnostic"" audits to show ROI. | Library of 200+ free recipes showing how to wire together SaaS tools (Sheets, Notion, CRMs, AI agents) for specific vertical workflows.","$5k - $50k custom dev projects to build *internal* versions of these tools integrated with a client's specific stack. | $5k-50k custom dev + white-label SaaS $199/mo | $5k-50k custom dev for enterprise integrations | $5k-50k custom development | $5k-50k custom development + hosting | $5k-50k custom development projects | $5k-50k one-time or retainer-based custom development of internal tools, leveraging AI for 80% of the code. | $5kâ€“$50k/project for done-for-you automation and internal tool builds; retainer packages for maintenance and incremental improvements. | High-ticket implementations (e.g., $10kâ€“$50k per project) plus ongoing support/monitoring retainers, eventually productized into vertical ""automation bundles"" (e.g., for agencies, clinics, Shopify brands).","10 evals
All: 7.6
Used: 4.5, 4.9, 5.9, 7.9, 8.3, 8.5, 8.7, 8.8, 9.0, 9.2
Gemini: 8.8
This is a proven agency/consultancy model. The ""free tools"" are just marketing (CAC). The LTV is the high-ticket B2B service. It's not a scalable SaaS, but it's highly profitable and defensible against AI because it sells workflow integration.
---
ChatGPT: 8.3
This is basically an AI-supercharged automation agency: every playbook & snippet is marketing, actual revenue is high-ticket projects with 70%+ gross margin on billable time. SMB and mid-market software CACs in many B2B categories are in the mid-hundreds, so a $10k+ initial contract with decent expansion can absorb outbound + content costs easily. Ceiling is probably an 8-figure services firm, not a hyper-scalable product, and competition includes every Zapier expert and systems integrator on earth, hence not a 9+.
---
Grok: 4.9
$23B workflow automation market growing 9%; CAC $500-1000, LTV $10k but retention 50% due to competition from Zapier/n8n; saturated, custom dev hard to scale as lifestyle business.
---
ChatGPT: 8.5
This is basically a modern systems-integration agency riding the wave of AI + no-code; CAC can be content/referral-heavy and payback is fast if you close 5-figure projects. B2B SaaS benchmarks show CAC payback of 20â€“30 months on average, but services can pay back in a single project, and a 10-person shop could cross $5â€“10M in 3 years with decent utilization. Weak moat (any competent team can copy) and founder bandwidth are the main constraints.
---
Kimi: 9.2
$0 CAC (SEO), $50k LTV enterprise, 90% margin. Pure service layer arbitrage. Real moat: client data integration. Risk: Overservicing free users.
---
Gemini: 9.0
This is the only fundable B2B idea on your list. It's a dev agency using free tools as lead-gen. The free tools are built by AI for near-zero cost, and the paid service (human trust + project management) has a high LTV. This is the model that works.
---
Claude: 8.7
Workflow automation market $24B growing 10-23% CAGR. B2B model with proven $10k+ ACVs. Challenge: competing with Zapier/Make but service layer defensible.
---
Kimi: 4.5
Support burden kills margins. LTV $12k (project basis), CAC $800 (sales team needed). AI code gen reduces dev time 30% but not defensible. Market: $12B low-code. Risk: Retool raises $45M, commoditizes custom dev. Lifestyle business at best.
---
Grok: 5.9
Industrial automation market $206B growing 12%; CAC $300-500 for B2B leads, LTV $10k+ but retention questionable in saturated Zapier space; risk is low barriers as AI code gen commoditizes, leading to CAC > LTV long-term.
---
Claude: 7.9
Strong unit economics at $20k+ deals. But saturated market, constant Bubble/Retool competition, 6-month sales cycles typical.","Consolidated from: ChatGPT, Claude, Gemini, Grok, Kimi"
29,AI Voiceover Localization for Indie Game Devs,7.5,Free 100 lines/mo (10 languages),$0.02/line + $500/mo unlimited + revenue share option,"1 evals

Kimi: 7.5
Niche B2C2B. CAC $18 (itch.io/dev forums), LTV $600 (indie devs ship every 18mo). 50x cost reduction vs studio ($1k/min). Moat: Emotional prosody model trained on 10k indie games. Saturated? Noâ€”50k+ games ship yearly, 98% have zero localization.",Consolidated from: Kimi
30,AI Contract Review for Freelancers,7.5,"3 contracts/month, basic risk flagging","$49/mo: Unlimited reviews, jurisdiction templates, payment escrow integration","1 evals

Kimi: 7.5
ClearSave $200+/contract vs lawyer. LTV $588 (15% MoM churn), CAC $35 via Upwork/Fiverr. Regulatory arbitrage: ""review"" not legal advice. Market: $1.5B SMB contract mgmt. Risk: State bar crackdown. Low network effects but high pain point.",Consolidated from: Kimi
31,AI Localization Studio for Creators & Course Makers,7.2,"Free auto-generated subtitles and rough machine translations for a handful of videos per month, with watermarks and limited export formats.","Per-minute or subscription access to human-QA'd subtitles, dubbed voice (with cloned tone), localized thumbnails/metadata, and rights management across YouTube, podcasts, and courses.","1 evals

ChatGPT: 7.2
The global licensing/content market is hundreds of billions with sync/music licensing alone ~high single-digit billions by 2030, and creators increasingly localize to grow. AI cuts translation/dubbing costs by >10x, so LTV per serious creator can land in the low thousands over a few yearsâ€”but CAC will be painful because you're fighting YouTube's own tools and well-funded localization startups; still plausible path to $10M ARR via a few thousand mid-tier creators. Biggest risk: platforms commoditize localization and leave you as a thin layer.",Consolidated from: ChatGPT
32,AI-Powered Local SEO Content Service,7.2,Free SEO audit,$299-999/mo managed service,"1 evals

Claude: 7.2
32M SMBs need SEO help. Proven demand but crowded market. AI reduces content cost 80%, human editing maintains quality. CAC ~$500 reasonable.",Consolidated from: Claude
33,AI-Powered Compliance Automation for SMBs,7.2,200+ free compliance checklists and basic audit tools,$5k-50k custom regulatory workflows with AI integration,"1 evals

Grok: 7.2
Regulatory arbitrage creates a data moat; market for compliance software is $166B growing at 10% CAGR, with CAC around $500 via LinkedIn ads yielding LTV of $20k+ for enterprise; key risk is evolving regulations requiring constant updates, but human oversight commands premium.",Consolidated from: Grok
34,Micro-SaaS Rollup,7.2,Free SaaS valuation tool,Buy & optimize portfolio,"1 evals

Claude: 7.2
Proven model (Tiny/FE International), but requires $500k+ capital, deep technical expertise. Not really ""99% free"" model.",Consolidated from: Claude
35,Personalized AI Tutoring with Human Review,6.8,50 free AI-generated lesson plans and Q&A sessions,$15/mo advanced tracking with certified tutor feedback,"1 evals

Grok: 6.8
Edtech market $21B for game-based but broader $300B; CAC $100 via social ads, LTV $500+ with 20% retention vs industry 2%; risk is competition from Duolingo's $68 ARPPU and free model, but personalization via AI+human differentiates.",Consolidated from: Grok
36,B2B Lead Enrichment API,6.8,100 free enrichments/mo,$0.02/enrichment at volume,"1 evals

Claude: 6.8
Good margins but brutal competition (Apollo, ZoomInfo, Clay). Need $2M+ to build competitive dataset.",Consolidated from: Claude
37,Community-Driven AI Content Curation Platform for Niche Hobbies,6.5,Free AI-generated content library and community sharing,"$10/mo premium custom generations, creator monetization tools, ad-free","1 evals

Grok: 6.5
$10B+ content creation market; CAC $100 via SEO, LTV $500 with 40% retention; network effects possible but competes with Reddit/Pinterest; low conversion ~1% hurts scalability.",Consolidated from: Grok
38,AI Content Optimization Tool for Marketers,6.5,100 free SEO audits and basic content suggestions,$10/mo premium analytics and automated campaigns,"1 evals

Grok: 6.5
Content marketing tools market $10B+; CAC $200, LTV $2k with freemium conversion 2-5%; saturated but AI reduces costs 10x, risk is Google algorithm changes disrupting value.",Consolidated from: Grok
39,Pay-Per-Resolution Dev Support,6.3,Free debugging guides,$50-200/resolution,"1 evals

Claude: 6.3
Solves real pain, but hard to scale quality. Marketplace dynamics = race to bottom on price.",Consolidated from: Claude
40,AI Spreadsheet Ops Copilot (Finance/Ops Teams),6.0,"Free Excel/Sheets add-in that suggests formulas, cleans small datasets, and explains anomalies on up to N rows/month.","Team plan that auto-monitors large sheets, enforces data contracts, logs changes for audit, and pushes alerts into Slack/Jira with SSO and RBAC.","1 evals

ChatGPT: 6.0
Every SMB ""lives"" in spreadsheets, and AI can 10x productivity in reconciliation, forecasting, and reporting; TAM is effectively the entire back-office SaaS market. But the space is extremely crowded (Microsoft, Google, and dozens of VC-backed startups ship similar copilots), so CAC will creep up while ARPU is constrainedâ€”likely $20â€“$50/user/month. Expect a nice 7-figure lifestyle SaaS if executed well, but a defensible $10M+ ARR outcome within 3 years is a stretch.",Consolidated from: ChatGPT
41,Personalized AI Wellness Coach,5.8,Free daily wellness tips and basic tracking,$15/mo custom plans with wearable integration and human coaching access,"1 evals

Grok: 5.8
$5B wellness app market; CAC $200, LTV $400 with 30% retention; regulatory arbitrage in non-medical advice; Duolingo-like gamification but low ARPU ~$3/user limits vs $300M budgets.",Consolidated from: Grok
42,AI-Generated 3D Asset Marketplace with Customization,5.7,25k+ free basic 3D models,$10/mo pro licenses with custom AI modifications,"1 evals

Grok: 5.7
3D printing market $20B growing 23%; CAC $50 via affiliates (5-8% RPM), LTV $200 but low 1% conversion; risk is free competitors like Thingiverse eroding paid uptake.",Consolidated from: Grok
43,AI Resume-to-Interview Prep Platform,4.8,Free resume analysis,$39/mo interview prep,"1 evals

Claude: 4.8
Indeed/LinkedIn dominate. CAC ~$50 for $39/mo product problematic. 3-month average retention means $117 LTV vs $50 CAC = barely profitable.",Consolidated from: Claude
44,ðŸš€ Combined: All Learning Platforms,4.5,50 free games/stories,$18/mo bundle,"1 evals

Claude: 4.5
Slightly better unit economics via bundling, but still competing with free Duolingo. EdTech retention = 2-30%. Nightmare.",Consolidated from: Claude
45,ðŸš€ Printable Activities (Teachers),4.2,50k free worksheets,$10/mo teacher license,"1 evals

Claude: 4.2
TPT has 5M teachers, you're starting at zero. Teachers share everything in Facebook groups. Copyright nightmare.",Consolidated from: Claude
46,AI OnlyFans Management,3.8,None,20% rev share after platform fees,"1 evals

Claude: 3.8
High margins theoretically, but platforms will ban AI content instantly once detected. Legal/ethical minefield.",Consolidated from: Claude
47,ðŸš€ High-Quality 3D Printing Files,3.7,"25k free STL files | 25k free STL files (which AI can generate infinitely) | 25k+ curated free STL files with tagging for classroom use and hobbyist projects; maybe lesson ideas attached. | 25k+ curated free STLs for education and hobbyists, with tags and print settings; ideal for home printers and maker spaces. | 25k+ free STL files | 25k+ free STL files for hobbyists | 25k+ free STLs (hobbyist-grade) | 25k+ free STLs, community remix features | 25k+ free, user-generated STLs (like Thingiverse).","$10/mo premium access | $10/mo teacher license + 5% affiliate on printer filament | $10/mo teacher license + 5% affiliate on printers | $10/mo teacher license + affiliate links (5% commission). | $10/mo teacher license + affiliates | $10/mo teacher license + affiliates for premium/educational packs | $10/mo teacher license + affiliates. | $10/mo teacher or lab license with class projects, lesson plans, and priority support; affiliate revenue from printers/filaments. | $10/mo teacher or makerspace license for curated packs, class projects, and bulk download rights, plus affiliate links to filament/printers.","10 evals
All: 3.7
Used: 2.0, 2.0, 2.7, 3.5, 3.8, 3.9, 4.3, 4.5, 4.7, 5.9
Gemini: 4.5
This is a lifestyle business. The ""teacher license"" is the Teachers Pay Teachers model (avg. $200/mo) for a smaller market. The affiliate model for $1,000+ 3D printers is tiny. You'll be crushed by free AI generation and massive free libraries.
---
ChatGPT: 4.7
Desktop 3D printing is growing fast (consumer/desktop segment estimated around $6â€“7B in 2025), but the vast majority of STL marketplaces monetize via one-off purchases and give designers ~70â€“80% of revenue. A flat $10/mo subscription targeting teachers is niche on niche, and you're competing with huge free libraries (Thingiverse, Printables, MakerWorld) plus bundled model sites launched by printer OEMs; realistically a side business unless you pivot into a B2B curriculum provider.
---
Grok: 3.8
$20B 3D printing market growing 23%; CAC $50 via SEO, LTV $200 but 2% retention like ed apps; Thingiverse/Printables free dominate, low 1% conversion makes it money pit.
---
ChatGPT: 2.7
Consumer 3D printing is growing fast, but entry-level printers are now cheap and sites like Thingiverse/Printables already offer massive free STL libraries, while premium marketplaces (Gambody, MyMiniFactory) compete on quality. Teachers rarely have 3D printers in classrooms at scale, so ""teacher license"" TAM is tiny; affiliate RPM on hardware/filament is volatile and vulnerable to commission cuts. This looks like a fun community project, not a realistic path to $10M ARR.
---
Kimi: 3.5
Market saturated with 5M+ free files. Teachers budget $150/yr totalâ€”$10/mo is fantasy. Affiliate RPM $2-3. CAC $45, LTV $24. Money pit.
---
Gemini: 2.0
This is a ""race to the bottom"" content play. You are competing with Prusa's Printables and MakerBot's Thingiverseâ€”massive, free, brand-trusted platforms. A 1% conversion on teachers (a broke demographic) is a fantasy.
---
Claude: 5.9
3D printing $20B+ market but Thingiverse dominates free. Cults3D takes 20% commission model working. Teacher niche smart but TAM limited (~200k potential subs max).
---
Kimi: 2.0
Teacher market is $300/year out-of-pocket (Dept of Ed data). Affiliate RPM $5 (Amazon cut commissions from 8% to 3% in 2023). LTV $21 (30% MoM churn), CAC $25 from Reddit ads. Market: $2B 3D printing materials. Thingiverse is free; MyMiniFactory already dominates.
---
Grok: 4.3
3D model market small $0.3B; CAC $50, LTV $120 low due to free alternatives; monetization struggles per Reddit, time-intensive with low RPMs.
---
Claude: 3.9
Thingiverse = infinite free files. Creators earn 15-30% on paid platforms. Race to bottom, impossible differentiation.","Consolidated from: ChatGPT, Claude, Gemini, Grok, Kimi"
48,ðŸš€ High-Quality Printable Activities,3.5,"50k free pages (competes with infinite AI-generated pages) | 50k+ free pages | 50k+ free pages (AI-generated worksheets) | 50k+ free pages for parents/teachers | 50k+ free printable pages | 50k+ free printable worksheets/activities indexed by grade, standard, and topic with basic search and ads. | 50k+ free worksheets, no login required | 50k+ free, AI-generated pages. | Big free catalog of standards-tagged printables, with basic search and download caps but no class-level tracking.","$10/mo teacher license | $10/mo teacher license (or $99/year) for ad-free access, bulk downloads, class/section organization, and maybe school-wide seats; affiliate links on recommended physical manipulatives. | $10/mo teacher license + affiliate links. | $10/mo teacher license + affiliates | $10/mo teacher license + affiliates for premium bundles | $10/mo teacher license + affiliates. | $10/mo: Ad-free, custom worksheet generator | $10â€“15/mo per teacher (or small school) for unlimited downloads, curriculum-aligned bundles, differentiation tools, and integrations with LMS/printing; affiliate upsells to supplies/print-on-demand.","9 evals
All: 3.5
Used: 1.5, 1.8, 1.9, 2.4, 3.2, 3.9, 4.3, 6.3, 6.3
Gemini: 4.3
A slightly better version of the 3D printing idea, but still a money pit. You're competing with Etsy and TpT, where creators make $200/mo. A 1% conversion on 10,000 teachers is 100 subs = $1,000/mo. This is a side hustle, not a $10M ARR business.
---
ChatGPT: 6.3
Teachers Pay Teachers alone is estimated around ~$800M+ annual revenue, showing strong teacher willingness to pay for printables, but it's a massive marketplace with millions of SKUs and entrenched creators. A single-publisher library will struggle to get more than a sliver of that unless your SEO and UX are exceptional; still, with education RPMs of $10â€“30 per 1k pageviews and even a 0.5â€“1% freeâ†’paid conversion, this can support a solid 6- or low 7-figure lifestyle business.
---
Grok: 3.2
$8B K-12 materials market; CAC $200, LTV $300 but 2% day-30 retention; Teachers Pay Teachers dominates, AI worksheets $1B but free Khan competes; ultra-saturated.
---
ChatGPT: 6.3
Teachers already pay for printablesâ€”TPT has millions of users and tens of millions in salesâ€”which validates willingness to pay despite tons of free worksheets. But teacher budgets are tiny, education app D30 retention is ~2%, and ad/affiliate RPMs are modest, so even at 1% freeâ†’paid and $120 LTV you need millions of free users to reach $10M ARR. Primary risks: brutal competition with TPT/IXL/Khan and constant curriculum changes eroding your content moat.
---
Kimi: 1.8
Teachers Pay Teachers has 7M free + 3M paid at $1-5 each. Districts won't approve $120/yr for AI content. DMCA risk: 40% of AI worksheets infringe on trademarked characters. CAC $55, LTV $18.
---
Gemini: 1.9
This is Teachers Pay Teachers or Twinkl, but with no creators, no community, no curriculum alignment, and no brand trust. AI-generated ""quality"" is meaningless without human curation and pedagogical validation. A guaranteed money-loser.
---
Claude: 2.4
Teachers Pay Teachers has this locked with 7M+ resources. Creating 50k quality pages impossible without plagiarism. Pinterest has infinite free printables. DOA.
---
Kimi: 1.5
Google ""free worksheets"" = 2B results. Teachers Pay Teachers has 7M users. Your affiliate RPM $8 max. LTV $18 (35% MoM churn), CAC $20 from Pinterest ads. Market: $1B worksheet market. Post-COVID saturation: 300+ competitors. Death by SEO.
---
Grok: 3.9
Printable market tied to $25B printing support; CAC $80, LTV $100 with 1% conversion; competitors like Teachers Pay Teachers dominate, education retention 2%.","Consolidated from: ChatGPT, Claude, Gemini, Grok, Kimi"
49,ðŸš€ Print-on-Demand Design Library,3.4,"100k free designs | 100k+ free designs | 100k+ free designs (AI-generated) | 100k+ free designs for POD (t-shirts, mugs, stickers) with attribution and links to compatible POD services. | 100k+ free designs for basic use | 100k+ free designs for personal use | 100k+ free designs, Canva-style editor | 100k+ free, AI-generated designs. | Massive free catalog of printable designs for t-shirts, mugs, posters, etc., with download throttling and attribution requirements.","$5/mo ""early access"" or pro tier with bulk export, commercial licensing, and shop-integrations (Etsy/Shopify/Printful). | $5/mo early access | $5/mo early access + affiliates | $5/mo early access to new designs | $5/mo early access to premium designs | $5/mo for ""early access"" to new designs. | $5/mo for early access to new designs, bulk download tools, and maybe ""niche research"" reports; affiliates on recommended POD providers. | $5/mo: Early access to new designs, premium fonts","9 evals
All: 3.4
Used: 0.7, 2.1, 2.5, 3.0, 3.2, 3.7, 4.0, 4.8, 6.8
Gemini: 3.0
This is a pure commodity trap. AI can generate *infinite* POD designs. ""Early access"" is a worthless value prop. The 99% of free users will just generate their own designs, and the 1% who pay won't stick around.
---
ChatGPT: 4.0
Printful and similar POD platforms leave creators a slim per-item margin; Reddit feedback suggests many see POD as viable only as a test bed before bringing production in-house because their profit per unit is small after base cost + shipping. Asking those same creators to pay recurring SaaS for designsâ€”when AI can generate infinite ones locallyâ€”is tough; upside is limited to a small group of serious sellers, so think small community product, not venture-scale.
---
Grok: 3.7
$8B POD market growing 23%; CAC $100, LTV $150 with 10-20% margins like Printful; saturated with Redbubble/Printify, Amazon cuts affiliates hurt; low differentiation.
---
ChatGPT: 3.2
Print-on-demand margins for sellers are typically 30â€“50%, but the limiting factor is not access to designsâ€”it's traffic, differentiation, and platform fees. There are already huge libraries of free/cheap vectors and AI generators; $5/mo ARPU means you need hundreds of thousands of paying creators for $10M ARR, which is wildly optimistic given how many POD sellers are barely profitable. Platform risk (Etsy/Redbubble algorithm changes) also hits your users, hurting their ability to pay you.
---
Kimi: 0.7
Printful offers free designs. Canva is $15/mo for everything. Redbubble has 50M free designs. Early access isn't a value propâ€”it's a meme. CAC $30, LTV $9. Amazon Merch On Demand is free and gives you Prime placement.
---
Claude: 6.8
POD market $13B growing 25% but 228,000+ stores competing. Average seller takes 165 days to first $1k. Success requires 10+ new designs weekly. Margins 20-40% realistic.
---
Kimi: 2.5
POD margins 15-20% (Printful data). Affiliate commission 5% on $30 AOV = $1.50. LTV $24 (25% MoM churn), CAC $18 from Facebook ads. Market: $6B POD. Risk: Canva has 100M+ users and infinite free templates. ""Early access"" is weak value prop.
---
Grok: 4.8
POD market $9B growing 23%; CAC $100, LTV $150 with 2% conversion but high churn; saturated with Printful margins 20-40%, Amazon affiliate cuts reduce viability.
---
Claude: 2.1
Redbubble takes 20%, Printful has no fees, Canva is free. POD margins already razor-thin. This adds zero value.","Consolidated from: ChatGPT, Claude, Gemini, Grok, Kimi"
50,ðŸš€ Ambient Music for Sleep,3.3,"500 free tracks for personal use (competes with Spotify/YouTube). | 500+ free tracks | 500+ free tracks (AI-generated) | 500+ free tracks for personal use | 500+ free tracks on YouTube/Spotify (ad-supported) | 500+ free tracks on web/YouTube/Spotify playlists for personal use, potentially ad-supported. | 500+ free tracks, YouTube channel | Free streaming library (web + YouTube/Spotify) for sleep, study, and relaxation, ad-supported and usable as background music.","$10/mo **B2B** commercial license for *one* physical location (cafe | $10/mo commercial license | $10/mo commercial license covering use in apps, videos, podcasts, spas, etc., with a simple self-serve license generator. | $10/mo for a commercial license (for YouTubers, cafes). | $10/mo: Commercial license, WAV downloads, stem access | $10/moâ€“$20/mo per creator/podcaster for clear commercial licenses, stems, and whitelisting for platforms.","10 evals
All: 3.3
Used: 1.5, 1.9, 2.4, 2.5, 2.8, 3.5, 3.6, 3.8, 4.5, 6.2
This is **only** viable if you ignore the consumer app (a money pit) and focus *entirely* on the **B2B commercial license**. The market for business background music is $2.8B. You aren't selling music; you're selling a legal, royalty-free license.: 6.2
 spa).
---
ChatGPT: 3.6
The sleep/mindfulness app market is already dominated by Calm and Headspace, each doing hundreds of millions in revenue with massive content and marketing budgets. You're also competing with huge libraries of royalty-free ambient music and AI tools that generate custom soundscapes on demand; there's some B2B sync/licensing money here, but it's crowded, price-sensitive, and heavily platform-dependent (Spotify/YouTube policies), hence ""tiny niche, high risk.""
---
Grok: 1.9
$1.8B background music; CAC $50, LTV $120; Spotify/YouTube free dominate, Reddit struggles with monetization; saturated.
---
ChatGPT: 3.8
Ambient/lo-fi is insanely saturated; Reddit is full of people complaining about copyright claims and trying to find monetizable background tracks, and YouTube RPMs here are low compared to higher-value niches. You're competing against Epidemic Sound, Artlist, and platform-native audio libraries in a global music licensing market already dominated by big catalogs; even with a 10x cheaper AI-generated library, CAC (convincing anxious creators you're truly safe) will eat most of your margin.
---
Kimi: 1.5
YouTube/SoundCloud offer infinite free loops. Epidemic Sound has 200k human-made tracks at $15/mo. AI music has 0% copyright enforceability. CAC $35, LTV $12. Platform risk: Spotify can demonetize overnight.
---
Gemini: 3.5
A money pit as a consumer app, but the B2B commercial license angle is a real (though saturated) market. It's fatally undercut by Artlist ($17/mo) and Epidemic Sound ($39/mo), who offer human curation and legal indemnityâ€”two things your AI lib cannot.
---
Claude: 4.5
Spotify pays $0.003/stream. Commercial licensing dominated by Epidemic Sound. Creating 500 quality tracks costs $50k+. Maybe 1% conversion to paid realistic.
---
Kimi: 2.5
YouTube RPM $1-3, affiliate RPM $5. LTV $45 (20% MoM churn), CAC $30 from organic. Market: $1B sleep apps but music licensing is race to zero. Risk: Spotify/Apple Music have infinite free ambient playlists. Commercial license market is <5% of users.
---
Grok: 2.4
Ambient music $1.8B; CAC $50, LTV $120 but Spotify free dominates; Reddit shows monetization hard.
---
Claude: 2.8
Spotify devalued ambient to 1/5th royalties. YouTube has infinite free options. Maybe 10k commercial buyers globally.","Consolidated from: ChatGPT, Claude, Gemini, Grok, Kimi, This is **only** viable if you ignore the consumer app (a money pit) and focus *entirely* on the **B2B commercial license**. The market for business background music is $2.8B. You aren't selling music; you're selling a legal, royalty-free license."
51,ðŸš€ STEM Learning Games,3.2,"20 free STEM browser games (physics, coding puzzles, circuits) playable without login, good for teachers looking for ""Friday lesson"" filler. | 20 free browser games | 20 free browser games (AI-built) | 20 free browser games, no ads | 20 free browser games. | 20 free games | Fully free access to the 20 games in browser with minimal tracking; no login required, good for casual classroom use.","$8/mo for teacher dashboards, assignment flows, printable worksheets, and standards-aligned reports exportable to LMS/gradebook. | $8/mo platform | $8/mo platform access | $8/mo platform. | $8/mo teacher / $49/mo school package with tracking, lesson plans, and exportable assessments. | $8/mo: Progress tracking, lesson plans, teacher dashboard","9 evals
All: 3.2
Used: 1.2, 2.0, 2.5, 2.7, 3.2, 3.3, 3.6, 4.8, 5.1
Gemini: 2.5
This is a ""we want to be Khan Academy"" business, but Khan Academy is a non-profit. Retention for edtech apps is **<27%**, and CAC is brutal. The content (games) is now a commodity. Duolingo has a $300M+ budget to solve this, you have $0.
---
ChatGPT: 5.1
Similar dynamics to math: Day-30 retention for education apps sits around 2â€“3%, meaning your cohort decays quickly and you must constantly reacquire users. Cross-curricular STEM is a bit more differentiated and there's fewer dominant brands than in math, but procurement is still slow and CAC is high relative to low per-teacher pricing, capping upside around a modest SaaS or content business.
---
Grok: 2.7
$6B game-based + $60B STEM markets; CAC $100, LTV $150 but low retention; Minecraft Edu/Prodigy free-ish dominate; edtech struggles per Reddit.
---
ChatGPT: 4.8
Edtech is a ~$180â€“200B market growing low-teens %, but it is littered with under-monetized startups and tools teachers love but won't personally fund. Realistically, D30 retention around 2% means most kids churn quickly; teachers mostly drag free tools into class and only a sliver convert to subs, so $10M ARR in 3 years is unrealistic without district deals. Risk: you become yet another free classroom game site with ad revenue in the low six figures.
---
Kimi: 1.2
PBS Kids, CoolMathGames, Code.org are free. Teacher IT departments block new domains. 15% of free users convert? Noâ€”0.3% is reality. CAC $70, LTV $16. Churn 35%/mo.
---
Claude: 3.3
Game-based learning competitive ($14B market). But Minecraft Education and Roblox dominate. Building 20 quality games costs $200k+. School sales cycle 18+ months.
---
Kimi: 2.0
Teacher churn 25%/mo (annual retention 7%). LTV $32, CAC $45 via Facebook. Khan Academy free, Prodigy freemium with $180M revenue. You have zero brand trust. Market: $8B edtech. Reality: 80% of edtech startups fail; CAC > LTV within 6 months.
---
Grok: 3.2
STEM games part of $16B market; CAC $100, LTV $96 low; competitors like Khan (huge budget) offer free, retention 2%.
---
Claude: 3.6
2% day-30 retention in EdTech. Parents buy, kids don't use. Massive creative production costs for quality games.","Consolidated from: ChatGPT, Claude, Gemini, Grok, Kimi"
52,ðŸš€ Combined: Language Stories + Games,3.1,"50 free graded stories and 50 vocab games accessible without paywall for a subset of languages and levels. | 50 free stories + 50 games | 50 stories + 50 games | 50 stories + 50 games bundle | 50 stories + 50 games free basics | 50 stories + 50 games. | All three free basic access | Free access to all games and a rotating set of stories with ads, limited saves, and capped daily usage; progress resets eventually to keep ""demo"" feel. | Free tier gives limited access across all three categories, pitched as ""learning arcade"" for families/classrooms. | Free tier with full but ad-supported access to a subset of stories/games and limited ""streak"" features, targeting casual learners.","$15/mo | $15/mo combined access | $15/mo for full catalog, offline access, spaced-repetition, and teacher dashboards or class features. | $15/mo full access | $15/mo removes ads, unlocks all stories, spaced-repetition review, and deeper analytics for serious learners or classrooms. | $15/mo. | $15/mo: All features, offline mode | $18/mo family or classroom pass with persistent profiles, no ads, offline mode, teacher dashboards, and assignment/assessment tools. | $18/mo for full access, multi-kid profiles, and reporting across language + STEM. | $18/mo full pass","10 evals
All: 3.1
Used: 0.6, 1.0, 1.2, 2.8, 2.9, 3.5, 4.3, 4.4, 5.1, 5.6
Gemini: 1.2
Combining two bad ideas doesn't make a good one. This is still a $0-value content library competing with Duolingo.
---
ChatGPT: 4.4
Duolingo is approaching $1B+ annual revenue with ~100M MAUs, implying global ARPU in the single digits per year; it spends heavily on AI features and content. A small story+game platform can carve out a dedicated niche (e.g., heritage languages), but generic ""learn languages with stories and games"" is ultra-saturated and will struggle to get to even low single-digit millions ARR without a very specific wedge.
---
Grok: 2.8
Similar to above; $11B market but overlaps; CAC $150, LTV $200; gamification criticized on Reddit, Babbel/Memrise compete; money loser due to saturation.
---
ChatGPT: 5.1
Language apps are already huge, but Duolingo alone has ~130M MAUs and ~11M paid subscribers, spending heavily on AI and content; free users generate only cents per quarter in ad revenue. Your hybrid story+game angle helps differentiation but doesn't change fundamental unit economics: 1% paid at $15/mo implies millions of active users for $10M ARR, with intense competition from free alternatives and YouTube content.
---
Grok: 3.5
Language learning $5B subset; CAC $120, LTV $180; high churn, Reddit shows monetization fails against free apps.
---
ChatGPT: 4.3
This bundle is basically three already-crowded products duct-taped together; bundling can help retention a bit but doesn't create a moat or solve the underlying CAC/retention issues. With education apps averaging ~2% Day-30 retention and subscription apps facing app-store taxes and ad costs, you're likely spreading yourself too thin for any one audience segment to really care.
---
Grok: 2.9
$11B language + $6B games markets; CAC $150, ARPU $3 like Duolingo $748M/100M users; low 1% conversion, Duolingo free with $300M budget crushes; retention 2%.
---
ChatGPT: 5.6
Online language learning alone is a $20B+ market by 2030 with strong growth, but Duolingo already monetizes ~8â€“9% of its MAUs at ~$75/year ARPU and spends nearly $100M/year on marketing. Bundling STEM helps LTV slightly, yet edu apps have ~2% D30 retention and consumer willingness to pay is low, so you probably top out at a few million ARR unless you crack school-district sales (which is a completely different GTM motion). Risk: you're a tiny bundle competing with Duolingo, Khan, Roblox, and district-mandated tools.
---
Kimi: 0.6
Duolingo Max is $30/mo with GPT-4 tutoring. You're charging $15 for AI content with zero brand. This is like opening a burger stand across from McDonald's with a ""come back tomorrow for fries"" sign.
---
Kimi: 1.0
Bundling two 1/10 ideas = 1/10. LTV $45 (25% MoM churn), CAC $65. Duolingo Stories + Math = free. You have $0 AI budget vs their $300M. No differentiation, double the dev cost. Market: Same $8B. This is zombie startup idea.","Consolidated from: ChatGPT, Gemini, Grok, Kimi"
53,ðŸš€ Language Stories Platform,3.0,50 free stories,$7/mo premium stories,"1 evals

Claude: 3.0
Zero moat. ChatGPT generates infinite stories free. No network effects, pure commodity.",Consolidated from: Claude
54,ðŸš€ All Learning Games (general),2.9,"50 assorted learning games (math, language, STEM, misc) free to play with light ads and limited progress saving. | 50 free games | 50 games | 50 games fully playable for free with ads, daily usage caps, and no progress sync across devices. | 50 games.","$11/mo ""all-access pass"" for parents/teachers with profiles, reports, and classroom tools; maybe a school plan. | $11/mo pass | $11/mo pass. | $11/mo per household/teacher with accounts, analytics, class creation, and priority support, plus beta access to new games.","7 evals
All: 2.9
Used: 0.8, 1.9, 2.1, 2.5, 3.0, 4.9, 5.4
Gemini: 2.1
Broader than the other game ideas, but the same fatal flaw. You are competing with every free game, YouTube video, and educational app on the market. The content has zero value.
---
ChatGPT: 4.9
Bundling all the game verticals helps with perceived value but doesn't solve discoverability or retentionâ€”the hard parts. In app stores, education apps convert reasonably from view to install (~17%), but they crater to low single-digit retention by Day 30, which kills subscription economics unless you have a huge brand like Duolingo or Khan. This feels like a confusing middle-of-the-road product that doesn't dominate any niche.
---
Grok: 2.5
$6B ed games market; CAC $130, LTV $180; broad no moat, Khan free with $50M budget; saturated.
---
ChatGPT: 5.4
K-12 game-based learning is forecast to grow by ~$30B from 2024â€“2029 at ~28% CAGR, but that growth is mostly captured by platforms like Kahoot, big publishers, and Roblox-style ecosystems. With 1% conversion and ~$8â€“$11/month pricing, you'd need ~7â€“8M MAUs to hit $10M ARRâ€”which is fantasy without a massive UGC platform or paid UA budget. Likely viable as a small studio or niche platform, not a VC-scale play.
---
Kimi: 0.8
Combining two failing ideas doesn't make one working idea. Same CAC, same churn, same free alternatives. This is the ""peanut butter and arsenic"" strategy.
---
Claude: 1.9
Jack of all trades, master of none. No clear audience. Competing against every educational app simultaneously. CAC would exceed $300 for $132 annual revenue. Guaranteed money pit.
---
Grok: 3.0
Broader edtech $300B but retention 2%; CAC $110, LTV $132; generic lacks moat against free giants.","Consolidated from: ChatGPT, Claude, Gemini, Grok, Kimi"
55,ðŸš€ Math Learning Games,2.9,"30 free browser-based math games aligned to common curricula, with progress saved via cookies or basic accounts. | 30 free games | 30 games (AI-generated) | 30 games, Common Core aligned | 30 games. | 30 math games free on web with age-banded content and basic progress saved locally.","$9/mo (or $79/year) per family/teacher for detailed analytics, adaptive difficulty, classroom management, and printable worksheets. | $9/mo for mastery tracking, parent/teacher analytics, printable practice, and adaptive difficulty tuned by AI. | $9/mo full access | $9/mo platform | $9/mo platform. | $9/mo: Analytics, assignments, parent reports","9 evals
All: 2.9
Used: 0.9, 2.0, 2.0, 2.4, 2.8, 2.9, 3.2, 4.6, 5.2
Gemini: 2.0
See #9. Khan Academy has already won the ""free math"" market, and they are a *charity*. This is not a business.
---
ChatGPT: 5.2
Parents and schools already pay for math tools (Prodigy, IXL, etc.), so there is precedentâ€”but they offer hundreds of skills, full curricula, and large content teams. Ed-app Day-30 retention is brutal (~2â€“3%), which means you need massive top-of-funnel just to keep a small paid base, and institutional CACs are among the highest in B2B. This can likely support a solo founder or small team, but hitting $10M ARR in 3 years without insane marketing spend is fantasy.
---
Grok: 2.4
Part of $16B games; CAC $110, LTV $160; Prodigy/SplashLearn compete, low retention 2%; money pit.
---
ChatGPT: 4.6
You're directly competing with Khan Academy (free, donor-subsidized, ~9-figure annual budget) and massive incumbents like Prodigy and DreamBox. Consumer willingness to pay for kids' math apps is modest, and school procurement tends to favor district-wide deals with big vendors; with 1% conversion and ~$100 LTV, you'd need huge organic reach to make this more than a nice side business.
---
Kimi: 0.9
Khan Academy is free forever. Photomath is free + ads. Prodigy charges $10/mo but burned $200M to get there. Math content has 0.2% conversion. CAC $65, LTV $13.50. Literal waste of time.
---
Claude: 2.8
Khan Academy is free and better. Prodigy has 150M users. Creating 30 engaging math games requires $300k+ investment. Parents won't pay when free alternatives exist.
---
Kimi: 2.0
Direct competitor: Khan Academy (free, $50M budget). Duolingo Math (free, $300M AI spend). Your CAC $50 vs their $0. LTV $36 (20% MoM churn). Market: $3B math edtech. Reality: Parents won't pay when world's best products are free.
---
Grok: 2.9
Math subset small; CAC $90, LTV $108; low differentiation, high churn.
---
Claude: 3.2
Khan Academy is free and better. IXL/Prodigy have school contracts locked. Individual parent CAC = $150+.","Consolidated from: ChatGPT, Claude, Gemini, Grok, Kimi"
56,ðŸš€ Language Learning Games,2.8,"5 free games | Free vocab games | Free vocab games for a few languages on web/app with ads and basic streak/progress. | Unlimited vocab games with ads and basic streaks; supports multiple languages but with no serious curriculum or certifications. | Vocab games (AI-generated) | Vocab games (basic) | Vocab games, spaced repetition","$12/mo ""advanced"" unlocks custom decks, offline mode, spaced repetition, and maybe AI conversational drills. | $12/mo advanced | $12/mo advanced features | $12/mo advanced levels | $12/mo advanced. | $12/mo for advanced features like custom decks, spaced repetition, and offline play. | $12/mo for full platform | $12/mo: Advanced grammar, conversation practice","9 evals
All: 2.8
Used: 1.0, 1.0, 2.2, 2.6, 2.7, 3.1, 3.9, 4.3, 4.8
Gemini: 2.2
This is a direct, guaranteed loss against Duolingo. Their **8.1%** conversion rate is built on a decade of brand, data, and gamification. Your 1% conversion on a $12/mo sub is a fantasy. It's a money pit.
---
ChatGPT: 2.7
You're competing head-on with Duolingo (freemium, huge content scope, and a near-$1B revenue run rate) and other established language apps that already embed AI deeply into their products. Realistically, you'll get hammered on both product depth and marketing; with education app retention around 2â€“3% at Day 30 and optimistic freeâ†’paid conversion of ~1%, this is a money pit unless you choose a hyper-specific niche rather than ""language learning"" in general.
---
Grok: 2.6
$11B market; CAC $120, ARPU $4; Duolingo free, Reddit hates gamification over depth; 1% conversion optimistic.
---
ChatGPT: 4.3
Online language learning is large and growing fast, but Duolingo's freemium model has set consumer expectations near $0 and it already converts ~8â€“9% of MAUs to paid at ~$75/year ARPU. Your niche (pure vocab games) is a side dish, not a main course, so retention and LTV will be worse than Duolingo's; CAC via paid ads will almost certainly exceed LTV unless you find a unique B2B niche (e.g., corporate vocab training), which this concept doesn't address.
---
Kimi: 1.0
Score is generous. Duolingo spends $300M on AI; you spend $0. They have 500M users; you have SEO debt. Freeâ†’paid is 0.5% max. CAC $80 (language niche is gold rush), LTV $36. Impossible unit economics.
---
Claude: 3.9
Duolingo has $300M AI budget, you have zero. Market worth $7B but top 5 apps have 80%+ share. CAC exceeds $200 in this space. Death by competition.
---
Kimi: 1.0
Duolingo: $300M AI budget, 100M MAU, $180 ARPU, free. Your CAC $60 vs their $50. LTV $48 (18% MoM churn). Market: $8B language learning. Math: They spend 6x your total potential LTV per user on AI. You're roadkill.
---
Grok: 3.1
Language apps CAC high $150+, LTV $144; Duolingo free with $68 ARPPU crushes paid models.
---
Claude: 4.8
Duolingo has $1-2 CAC, 33x LTV. You have $50+ CAC, maybe 3x LTV. They have $300M AI budget. You don't.","Consolidated from: ChatGPT, Claude, Gemini, Grok, Kimi"
57,ðŸš€ Combined: Language + STEM Games,2.6,100 free games/stories | All free content. | All free stories | All three,$18/mo | $18/mo all-access | $18/mo. | games,"4 evals
All: 2.6
Used: 0.5, 1.0, 3.7, 5.2
Gemini: 1.0
The ""Netflix for EdTech"" model is a guaranteed failure when the content (AI-generated games) costs $0 to produce and has no defensible moat. This is the fastest way to lose money.
---
Kimi: 0.5
The triple-down on failure. Critical math: To hit $10M ARR, you need 46,296 subscribers at $18/mo. With 0.5% conversion, you need 9.2M free users. Education content CAC is $70. That's $644M in ad spend. This is mathematically impossible.
---
Claude: 5.2
Trying to compete with Duolingo (500M+ users) and Khan Academy (free). CAC would exceed $100 for $216 annual revenue. Retention under 6 months typical.
---
$18/mo all-access: 3.7
 and STEM content","Consolidated from: $18/mo all-access, Claude, Gemini, Kimi"
58,ðŸš€ Children's Books Translation,2.5,"50 bilingual storybooks free in browser with read-aloud, limited offline use, and occasional upsell prompts. | 50 free books, 10 languages | 50 free translated books | 50 free translated books (AI voice + text) | 50 free translated books. | 50 free translated children's books in a handful of languages, readable on web or tablet.","$7/mo for a larger library, offline access, reading progress tracking, and maybe audio narration packs. | $7/mo for a larger library. | $7/mo full library | $7/mo library access | $7/mo library. | $7/mo unlimited library | $7/mo unlocks full library, offline access, multiple reader profiles, and maybe teacher tools (assignments, vocab lists). | $7/mo: Full library, audio narration, print-on-demand","10 evals
All: 2.5
Used: 1.0, 1.5, 1.5, 2.1, 2.3, 2.7, 3.2, 3.4, 3.5, 3.6
Gemini: 1.5
AI can translate text for free. AI can generate children's books for free. You are trying to sell a library of free things. The trust-sensitive ""children's"" market won't trust AI-generated content, and the ones who do will just do it themselves.
---
ChatGPT: 3.2
AI has made decent translation effectively free, and public-domain children's books plus tools like Kindle, Libby, and generic translation apps mean the baseline product is already available at zero cost. Meanwhile, parent CAC via Meta/Google can easily be $5â€“$10+ per install, while educational apps typically retain only a tiny fraction of users after 30 days, crushing LTV. This looks like a nice mission-driven project but a weak business.
---
Grok: 2.3
$9B kids publishing; CAC $80, LTV $100; AI like Google Translate free, low quality but kills need; small market.
---
ChatGPT: 3.5
Parents and teachers already have free access to huge kids' catalogs via libraries, public-domain books, and free translation tools; Khan Academy Kids and similar platforms set ""free high-quality"" expectations. Licensing good IP is expensive and AI alone doesn't solve illustration/brand trust; at 1% conversion and <$100 LTV per family, you'd need millions of users and high content costs, so this trends toward a money pit unless you pivot into a B2B library/district license model (which is a completely different GTM).
---
Kimi: 2.1
Duolingo ABC is free. Amazon Kindle Kids+ is $4.99/mo. CAC $60 in parent niche, LTV $28 (4-month churn). Regulatory: COPPA compliance costs $30k+. Zero defensibility.
---
Gemini: 1.5
This is a feature, not a company. Google Translate, DeepL, and the browser itself will do this for free. There is no moat, a high CAC to reach parents, and it competes with Epic!, Amazon, and the public library (all free).
---
Claude: 3.6
Children's book market growing only 3% CAGR. Parents want known brands (Disney, etc.). Copyright nightmare for translations. Epic! offers 40,000 books for $10/mo.
---
Kimi: 1.0
Copyright law: translating books requires author permission (Berne Convention). LTV $28 (22% MoM churn), CAC $40 from parent ads. Market: $2B children's books. Competitors: Storyweaver (free, 50k books), Unite for Literacy (free). Legal quagmire + commodity = death.
---
Grok: 2.7
Children's books $9B; CAC $70, LTV $84; low retention, competitors offer free translations.
---
Claude: 3.4
Publishers own all valuable IP. Copyright hell. Parents use library or pirate. $10B market but Big 5 own 80%.","Consolidated from: ChatGPT, Claude, Gemini, Grok, Kimi"
59,ðŸš€ Combined: All Three Game Categories,1.0,50 language + 30 math + 20 STEM,$18/mo: Master pass,"1 evals

Kimi: 1.0
LTV $54 (25% MoM churn), CAC $75. Highest cost, lowest defensibility. Jack of all trades, master of none. When free competitors exist in each vertical, bundling is surrender. Burn rate 3x higher, same revenue. Guaranteed CAC > LTV within 4 months.",Consolidated from: Kimi
