Number,Idea,Score,Free_Value_Prop,Paid_Value_Prop,Why_This_Score,LLM_Source
1,AI-Powered Personalized Compliance Automation for Regulated Industries,8.7,Free basic compliance audits and templates for small businesses,$5k-50k custom workflows with human legal review and ongoing updates,"$50B+ compliance market growing 10% CAGR; CAC ~$500 via content marketing, LTV $20k+ with 70% retention; key risk is regulatory changes but data moat from audits provides edge over Zapier competitors.",Grok
2,B2B AI Analytics Dashboard for E-commerce,7.9,Free basic sales metrics and reports integrated with Shopify,$99/mo advanced predictive analytics, automation, and custom integrations,"$200B e-commerce tools market; CAC $300-600, LTV $10k with 60% retention; saturated but integration moat differentiates from Google Analytics; risk of platform changes like Amazon affiliate cuts.",Grok
3,Community-Driven AI Content Curation Platform for Niche Hobbies,6.5,Free AI-generated content library and community sharing,"$10/mo premium custom generations, creator monetization tools, ad-free","$10B+ content creation market; CAC $100 via SEO, LTV $500 with 40% retention; network effects possible but competes with Reddit/Pinterest; low conversion ~1% hurts scalability.",Grok
4,Personalized AI Wellness Coach,5.8,Free daily wellness tips and basic tracking,$15/mo custom plans with wearable integration and human coaching access,"$5B wellness app market; CAC $200, LTV $400 with 30% retention; regulatory arbitrage in non-medical advice; Duolingo-like gamification but low ARPU ~$3/user limits vs $300M budgets.",Grok
5,ðŸš€ Custom Automation & Internal Tools,4.9,200+ free web tools for basic automation,$5k-50k custom dev for enterprise integrations,"$23B workflow automation market growing 9%; CAC $500-1000, LTV $10k but retention 50% due to competition from Zapier/n8n; saturated, custom dev hard to scale as lifestyle business.",Grok
6,ðŸš€ High-Quality 3D Printing Files Library,3.8,25k+ free STL files for hobbyists,$10/mo teacher license + affiliates for premium/educational packs,"$20B 3D printing market growing 23%; CAC $50 via SEO, LTV $200 but 2% retention like ed apps; Thingiverse/Printables free dominate, low 1% conversion makes it money pit.",Grok
7,ðŸš€ Print-on-Demand Design Library,3.7,100k+ free designs for basic use,$5/mo early access to premium designs,"$8B POD market growing 23%; CAC $100, LTV $150 with 10-20% margins like Printful; saturated with Redbubble/Printify, Amazon cuts affiliates hurt; low differentiation.",Grok
8,ðŸš€ High-Quality Printable Activities,3.2,50k+ free pages for parents/teachers,$10/mo teacher license + affiliates for premium bundles,"$8B K-12 materials market; CAC $200, LTV $300 but 2% day-30 retention; Teachers Pay Teachers dominates, AI worksheets $1B but free Khan competes; ultra-saturated.",Grok
9,ðŸš€ Combined: Language Stories + Language Games + STEM Games,2.9,All three free basic access,$18/mo full pass,"$11B language + $6B games markets; CAC $150, ARPU $3 like Duolingo $748M/100M users; low 1% conversion, Duolingo free with $300M budget crushes; retention 2%.",Grok
10,ðŸš€ Combined: Language Stories + Language Games Platform,2.8,50 stories + 50 games free basics,$15/mo full access,"Similar to above; $11B market but overlaps; CAC $150, LTV $200; gamification criticized on Reddit, Babbel/Memrise compete; money loser due to saturation.",Grok
11,ðŸš€ STEM Learning Games,2.7,20 free browser games,$8/mo platform access,"$6B game-based + $60B STEM markets; CAC $100, LTV $150 but low retention; Minecraft Edu/Prodigy free-ish dominate; edtech struggles per Reddit.",Grok
12,ðŸš€ Language Learning Games,2.6,Free vocab games,$12/mo advanced levels,"$11B market; CAC $120, ARPU $4; Duolingo free, Reddit hates gamification over depth; 1% conversion optimistic.",Grok
13,ðŸš€ All Learning Games (general),2.5,50 free games,$11/mo pass,"$6B ed games market; CAC $130, LTV $180; broad no moat, Khan free with $50M budget; saturated.",Grok
14,ðŸš€ Math Learning Games,2.4,30 free games,$9/mo platform,"Part of $16B games; CAC $110, LTV $160; Prodigy/SplashLearn compete, low retention 2%; money pit.",Grok
15,ðŸš€ Children's Books Translation Platform,2.3,50 free translated books,$7/mo full library,"$9B kids publishing; CAC $80, LTV $100; AI like Google Translate free, low quality but kills need; small market.",Grok
16,ðŸš€ Ambient Music for Sleep/Relaxation,1.9,500+ free tracks for personal use,$10/mo commercial license,"$1.8B background music; CAC $50, LTV $120; Spotify/YouTube free dominate, Reddit struggles with monetization; saturated.",Grok
